Product Name,Category,Price,City
"Семга Атлантическая (Лосось) Охлажденная, 3-4 кг, Норвегия",Рыба,11 800 Т,Astana
Дорадо Охлажденная вес 300-400 гр/шт Турция,Рыба,7 590 Т,Astana
Сибас Охлажденный весом 300 - 400 гр/шт,Рыба,7 590 Т,Astana
Дорадо Охлажденная вес 400 - 600 гр./шт,Рыба,7 590 Т,Astana
Сибас Охлажденный 400 - 600 гр/шт,Рыба,7 590 Т,Astana
Стейк из Семги нарезка Подкова,Рыба,13 800 Т,Astana
"Семга Атлантическая охлажденная, 5-6 кг, Норвегия",Рыба,12 800 Т,Astana
Семга Атлантическая 5-6 кг замороженная,Рыба,6 490 Т,Astana
Лосось Малосольный филе на шкуре,Рыба,16 490 Т,Astana
Семга филе на шкуре холодного копчения ±500 гр,Рыба,16 890 Т,Astana
Филе Судака средний уп. 1 кг,Рыба,6 300 Т,Astana
Семга Замороженная размер 3-4 кг,Рыба,6 490 Т,Astana
"Филе из Охлажденной Семги (Лосося) вес 1,8 - 2 кг",Рыба,21 490 Т,Astana
Морской Окунь размер 300-500 гр,Рыба,4 600 Т,Astana
"Филе Сельди Матье, Голландия, чистое филе 600 гр",Рыба,14 800 Т,Astana
"Кета (Дикий лосось) стейк-подкова свежемороженый, размер 1-2 кг",Рыба,5 800 Т,Astana
"Малосольный Лосось (семга) нарезка слайсами, уп. 100 гр",Рыба,25 000 Т,Astana
Эсколар полутушка холодного копчения 300 гр,Рыба,15 800 Т,Astana
Скумбрия с/м (макрель атлантическая) 300-600 гр,Рыба,3 800 Т,Astana
Филе семги на шкуре свежемороженое 1-2 кг,Рыба,14 900 Т,Astana
Семга Замороженная размер 4/5 кг,Рыба,6 490 Т,Astana
Сибас охлажденный весом от 1000 до 1500 гр Турция,Рыба,12 990 Т,Astana
"Филе из Охлажденной Океанической Форели 1,5 кг",Рыба,21 490 Т,Astana
"Сибас Охлажденный 600 - 800 гр., Турция",Рыба,9 400 Т,Astana
Копченый Лосось (Семга) нарезка Слайсы ±100 гр,Рыба,25 000 Т,Astana
"Дорадо Охлажденная вес 600-800 гр., Турция",Рыба,9 400 Т,Astana
Сибас замороженный 300-400 гр.,Рыба,5 000 Т,Astana
Дорадо Замороженная 400-600 гр/шт,Рыба,5 190 Т,Astana
Тунец Еллоуфин Yellowfin филе уп. 350-550 гр.,Рыба,15 800 Т,Astana
Филе хека размер 60 - 200 грамм,Рыба,4 800 Т,Astana
Тилапия замороженная филе 1 кг/уп,Рыба,6 500 Т,Astana
"Палтус синекорый, ПБГ 2-4 кг Россия",Рыба,14 800 Т,Astana
"Угорь Копченый Унаги, филе для суши",Рыба,15 900 Т,Astana
Стейк из палтуса 1+ кг,Рыба,18 800 Т,Astana
Дорадо Охлажденная вес 1000-1500 гр/шт Турция,Рыба,12 990 Т,Astana
Треска филе без шкуры 450/900 гр,Рыба,6 200 Т,Astana
"Минтай свежемороженый без головы, 1 кг/уп",Рыба,2 100 Т,Astana
Дорадо Замороженная 300-400 гр/шт,Рыба,5 190 Т,Astana
"Треска черная б/г 7/10 lb (3-4.5 кг), вылов Канада",Рыба,43 000 Т,Astana
Снеппер Красный (Red Snapper),Рыба,14 800 Т,Astana
Филе Сельди малосольное KingFisher,Рыба,5 500 Т,Astana
Кета без головы 2-3 кг,Рыба,5 800 Т,Astana
Барабулька охл 150/450 Red Mullet (Султанка),Рыба,14 800 Т,Astana
"Сибас Охлажденный 800 - 1000 гр., Турция",Рыба,12 990 Т,Astana
Филе Сельди Матьес Беларусия 1 кг,Рыба,6 500 Т,Astana
"Морской язык 5%, филе, вес ±1.8 кг/уп",Рыба,3 700 Т,Astana
Форель радужная с/м 200-300 гр,Рыба,5 500 Т,Astana
Сибас замороженный 400-600 гр.,Рыба,4 800 Т,Astana
Слайсы из копченого Эсколара ±100 гр,Рыба,25 000 Т,Astana
Камбала замороженная вес 1+ кг,Рыба,3 800 Т,Astana
"Стейки из Осетра, уп. 800 грамм",Рыба,18 500 Т,Astana
Сардины в растительном масле Adriatic Queen 105 гр,Рыба,1 480 Т,Astana
Medusa салат из осьминога 200 гр,Рыба,5 900 Т,Astana
"Тунец Еллоуфин 50-100 гр, упаковка ±1кг",Рыба,8 500 Т,Astana
Семга охлажденная с/г 5/6 Чили,Рыба,11 590 Т,Astana
Треска филе на шкуре 1-1.3 кг,Рыба,6 200 Т,Astana
Тунец Еллоуфин Лойнс филе 2кг+,Рыба,9 000 Т,Astana
Филе Осетра Холодного копчения,Рыба,30 000 Т,Astana
Gastronomica Рыбные котлеты 600 гр/уп,Рыба,3 800 Т,Astana
Маринованное Филе Анчоуса Medusa 200 гр,Рыба,3 990 Т,Astana
Сибас Замороженный 800 - 1000,Рыба,5 000 Т,Astana
Сардины в растительном масле с лимоном Adriatic Queen 105 гр,Рыба,1 480 Т,Astana
Тунец Yellowfin филе уп. 500-800 гр,Рыба,16 500 Т,Astana
Семга роллы обрезки с/м 1 кг,Рыба,4 800 Т,Astana
Сардины в масле с перцем Чили Adriatic Queen 105 гр,Рыба,1 480 Т,Astana
Adriatic Queen Сардины в томатном соусе 105 гр,Рыба,1 480 Т,Astana
"Барамунди (белый морской окунь) вес 0,5 - 2 кг/шт",Рыба,14 800 Т,Astana
Филе судака крупное уп. 1 кг,Рыба,6 500 Т,Astana
Adriatic Queen Тунец филе в растительном масле 105 гр,Рыба,1 800 Т,Astana
Medusa Салат из осьминога 1000 гр,Рыба,22 800 Т,Astana
Сельдь свежемороженная 350-500 гр Норвегия,Рыба,2 600 Т,Astana
"Групер Каменный 0,5 - 2 кг/шт",Рыба,14 800 Т,Astana
Тунец в собственном соку Премиум Беринг 200 гр,Рыба,1 800 Т,Astana
Окунь филе на шкуре с/м 300-500 гр,Рыба,5 000 Т,Astana
Филе сардин Medusa 1000 гр,Рыба,17 500 Т,Astana
Филе макрели в оливковом масле Adriatic Queen 105 гр,Рыба,1 480 Т,Astana
Дорадо Замороженная 600-800 гр/шт,Рыба,4 900 Т,Astana
Осетр Копченый нарезка слайсы,Рыба,35 000 Т,Astana
Дорадо свежемороженная 1000-1500 гр/шт,Рыба,8 000 Т,Astana
Дорада Заморженая 800-1000 гр/шт Турция,Рыба,5 000 Т,Astana
Чилийский Сибас стейк-подкова,Рыба,55 000 Т,Astana
Сардины с овощами Adriatic Queen 105 гр,Рыба,1 480 Т,Astana
"Угольная рыба 1,5-2 кг",Рыба,10 500 Т,Astana
Pesce Azzurro Анчоусы в масле 46 гр ж/б,Рыба,1 800 Т,Astana
Черная Треска стейк-подкова,Рыба,55 000 Т,Astana
Pesce Azzurro Анчоусы в масле 140 гр ст/б,Рыба,4 200 Т,Astana
Pesce Azzurro Анчоусы в масле 720 гр ж/б,Рыба,17 500 Т,Astana
Тунец Альбакор филе,Рыба,8 500 Т,Astana
Сибас Чилийский с/м б/г 6/8,Рыба,45 000 Т,Astana
Макрель филе в растительном масле Adriatic Queen 105 гр,Рыба,1 480 Т,Astana
Сибас замороженный 600-800 гр,Рыба,4 900 Т,Astana
Окунь 500-700 гр свежемороженный без головы,Рыба,3 890 Т,Astana
Семга охлажденная с/г 4/5 Чили,Рыба,11 590 Т,Astana
Дорадо тушка горячего копчения до 800 гр,Рыба,9 990 Т,Astana
Семга филе на шкуре холодного копчения (целый пласт),Рыба,16 490 Т,Astana
Хек тушка 450/600 Уругвай,Рыба,4 200 Т,Astana
Сибас тушка горячего копчения до 800 гр,Рыба,9 990 Т,Astana
Беринг Печень трески с/к 230 гр,Рыба,3 800 Т,Astana
Pesce Azzurro Анчоусы в масле 78 гр ст/б,Рыба,3 300 Т,Astana
Беринг Печень трески ст/б 230 гр,Рыба,4 300 Т,Astana
Тунец для салатов в собственном соку Беринг 185 гр,Рыба,1 600 Т,Astana
Pesce Azzurro Тунец в оливковом масле 270 гр ст/б,Рыба,5 200 Т,Astana
Палтус филе на шкуре холодного копчения,Рыба,26 800 Т,Astana
Pesce Azzurro Тунец в оливковом масле 190 гр ст/б,Рыба,3 500 Т,Astana
Medusa салат из морепродуктов 200 гр,Рыба,3 990 Т,Astana
Тунец бланшированный в масле Беринг 200 гр,Рыба,2 400 Т,Astana
Pesce Azzurro Тунец в растительном масле 1700 гр ж/б,Рыба,12 800 Т,Astana
Консервы из форели в собственном соку 260 гр.ст/б,Рыба,0 Т,Astana
"Икра Красная IKURA Alaska, Кета, 500 гр.",Икра,40 000 Т,Astana
Икра красная Горбуши Россия 500 гр,Икра,37 500 Т,Astana
Красная Икра Кеты уп. 200 гр.,Икра,16 000 Т,Astana
Икра красная Золото Сахалина 360 грамм,Икра,32 000 Т,Astana
Икра Красная Кета уп. 500 гр,Икра,40 000 Т,Astana
Икра красная Горбуши Россия 200 гр,Икра,15 000 Т,Astana
"Икра Красная ""Золото Сахалина"" 500 гр.",Икра,39 000 Т,Astana
"Икра красная ""Золото Сахалина"" 220 грамм",Икра,17 500 Т,Astana
"Икра Красная ""Обкомовская"" уп. 200 гр.",Икра,23 500 Т,Astana
Икра красная Аляска (Кета) 250 гр,Икра,18 490 Т,Astana
Черная осетровая Икра Premium Russian Caspian 100 гр.,Икра,66 000 Т,Astana
Russian Caspian Икра черная зернистая осетровая PREMIUM ж/б 250 гр,Икра,176 000 Т,Astana
"Икра Красная ""Обкомовская"" уп. 140 гр.",Икра,16 200 Т,Astana
Икра Черная осетровая Fishland 125 гр,Икра,80 000 Т,Astana
Икра Черная Стерлядь Caspian Caviar 120 гр,Икра,78 000 Т,Astana
Черная икра осетра Fishland 250 гр,Икра,150 000 Т,Astana
"Икра красная ""Обкомовская"", уп. 500 гр",Икра,58 000 Т,Astana
Черная икра Premium Russian Caspian 50 гр,Икра,35 000 Т,Astana
"Икра Красная ""Обкомовская"", уп. 360 гр.",Икра,43 800 Т,Astana
Икра Черная Стерлядь Caspian Caviar 50 гр,Икра,32 800 Т,Astana
"Икра Красная ""Обкомовская"", 95 гр.",Икра,11 200 Т,Astana
Frosista Икра осетра Калуга 50 гр,Икра,29 500 Т,Astana
Frosista Икра осетра Калуга 100 гр,Икра,65 000 Т,Astana
Черная Икра стерлядь Caspian Caviar 230 гр,Икра,155 000 Т,Astana
Frosista Икра Русского осетра 50 гр,Икра,29 500 Т,Astana
Frosista Икра осетра Калуга 30 гр,Икра,17 800 Т,Astana
Frosista Икра осетра Калуга 10 гр,Икра,5 800 Т,Astana
Frosista Икра осетра и белуги (гибрид) 50 гр,Икра,29 500 Т,Astana
Frosista Икра Русского осетра 10 гр,Икра,6 000 Т,Astana
Frosista Икра осетра и белуги (гибрид) 10 гр,Икра,6 000 Т,Astana
Frosista Икра Сибирского осетра и Амурского осетра (гибрид) 10 гр,Икра,6 000 Т,Astana
Икра лососевая ст/б 120 гр  Золото Сахалина,Икра,12 200 Т,Astana
Frosista Икра осетра и белуги (гибрид) 100 гр,Икра,65 000 Т,Astana
Frosista Икра Сибирского осетра и Амурского осетра (гибрид) 50 гр,Икра,29 500 Т,Astana
Frosista Икра осетра и белуги (гибрид) 30 гр,Икра,18 500 Т,Astana
Frosista Икра Русского осетра 100 гр,Икра,65 000 Т,Astana
Frosista Икра Русского осетра 30 гр,Икра,17 800 Т,Astana
Russian Caspian Икра зернистая осетровая Black Gold 50 гр,Икра,38 500 Т,Astana
Russian Caspian Икра зернистая осетровая Black Gold 100 гр,Икра,69 000 Т,Astana
Икра Горбуши весовая,Икра,75 000 Т,Astana
Frosista Икра осетра и белуги (гибрид) 250 гр,Икра,148 000 Т,Astana
Frosista Икра Сибирского осетра и Амурского осетра (гибрид) 100 гр,Икра,65 000 Т,Astana
Caspian Caviar Икра черная 50 гр (осетр),Икра,32 800 Т,Astana
Frosista Икра Русского осетра 250 гр,Икра,148 000 Т,Astana
Икра лососевая ж/б 140 гр Золото Сахалина,Икра,12 600 Т,Astana
Frosista Икра осетра Калуга 250 гр,Икра,148 000 Т,Astana
Caspian Caviar Икра черная 250 гр (осетр),Икра,132 000 Т,Astana
Икра Красная Кета весовая,Икра,80 000 Т,Astana
Frosista Икра Сибирского осетра и Амурского осетра (гибрид) 250 гр,Икра,148 000 Т,Astana
Russian Caspian Икра зернистая осетровая  PREMIUM ж/б 500 гр,Икра,352 000 Т,Astana
Frosista Икра Сибирского осетра и Амурского осетра (гибрид) 30 гр,Икра,18 500 Т,Astana
"Прошутто-ди-Парма нарезка слайсами, 100 гр",Мясо,4 500 Т,Astana
Филе утки Мулард зернового откорма 420 гр,Мясо,6 500 Т,Astana
Ножка утиная Конфи с/м,Мясо,11 800 Т,Astana
Прошутто Pata Negra PDO нарезка 100 гр,Мясо,3 990 Т,Astana
Паштет Пате-Мусс из Фуа-Гра 50% лоток 85 г,Мясо,4 300 Т,Astana
Печень утиная  Фуа-Гра  Эскалоп,Мясо,46 000 Т,Astana
Печень утиная Фуа-гра Золото высшего сорта,Мясо,46 000 Т,Astana
Паштет из утки Rillettes de Canard Classique 120 гр (классик),Мясо,4 600 Т,Astana
Филе утки Магре золото 300-650 гр/уп,Мясо,13 800 Т,Astana
Колбаска Пармеджана сыровяленая 120 гр,Мясо,3 800 Т,Astana
Коппа-ди-Парма нарезка 100 гр/уп,Мясо,3 800 Т,Astana
Qyzyl Saia Бастурма из конины 60 гр,Мясо,2 500 Т,Astana
Qyzyl Saia Жая сур ет уп 60 гр,Мясо,2 500 Т,Astana
Qyzyl Saia Ассорти конина сур ет уп 180 гр,Мясо,6 800 Т,Astana
Qyzyl Saia Бастурма из говядины 60 гр,Мясо,2 500 Т,Astana
Qyzyl Saia Грудинка говядина сур ет уп 60 гр,Мясо,2 500 Т,Astana
Qyzyl Saia Карбонад из говядины сур ет уп 60 гр,Мясо,2 500 Т,Astana
Qyzyl Saia Шужук сур ет вес ±400 гр,Мясо,17 500 Т,Astana
Cinco Jotas Хамон Иберико нарезка слайсами 70 гр/уп,Мясо,19 800 Т,Astana
Qyzyl Saia Жамбас сур ет уп 60 гр,Мясо,2 500 Т,Astana
Qyzyl Saia Ассорти говядины сур ет уп 180 гр,Мясо,6 800 Т,Astana
Qyzyl Saia Казы сур ет вес ±300 гр,Мясо,18 500 Т,Astana
Qyzyl Saia Филе говядины сур ет уп 60 гр,Мясо,2 500 Т,Astana
Qyzyl Saia Жая сур ет вес ±500 гр,Мясо,19 800 Т,Astana
Прошутто-ди-Пармо на кости (Пармская ветчина) 30 мес вес 10 - 11 кг,Мясо,25 000 Т,Astana
Cinco Jotas Лопатка Иберико нарезка слайсами 70 гр/уп,Мясо,15 800 Т,Astana
Qyzyl Saia Казы в череве сур ет вес ±125 гр,Мясо,29 500 Т,Astana
Cinco Jotas Лопатка Иберико на кости 5-6 кг,Мясо,89 000 Т,Astana
Cinco Jotas Хамон Иберико на кости 6-7 кг,Мясо,110 000 Т,Astana
Артишок на гриле сердцевина Le Bonta 314 мл,Антипасти,4 500 Т,Astana
Le Bonta Перец черри с сыром 314 мл,Антипасти,4 500 Т,Astana
Артишок со стеблями All Romana по-римски 580 мл,Антипасти,6 000 Т,Astana
Оливки Микс Барисейн Le Bonta 314 мл,Антипасти,3 500 Т,Astana
"Оливки фиолетовые ""Saporite"" Le Bonta 314 мл",Антипасти,3 500 Т,Astana
Перец на Гриле в масле Le Bonta 314 мл,Антипасти,3 500 Т,Astana
Песто алла Дженовезе Le Bonta 212 мл,Антипасти,3 000 Т,Astana
Le Bonta Оливки зеленые сорта Bella di Cerignola 314 мл,Антипасти,3 500 Т,Astana
"Перец Черри с Тунцом и Каперсами, Le Bonta 314 мл",Антипасти,4 500 Т,Astana
"Джем инжирный Le Bonta, 314 мл",Антипасти,3 500 Т,Astana
Le Bonta Антипасто Рустико в масле 314 мл,Антипасти,3 500 Т,Astana
Грибной Микс Le Bonta 314 мл,Антипасти,3 500 Т,Astana
Помидоры вяленые alla Pugliese Le Bonta 314 мл,Антипасти,4 200 Т,Astana
Оливки зеленые сорта Bella di Cerignola Le Bonta 580 мл,Антипасти,4 500 Т,Astana
Каперсы на веточке Le Bonta 314 мл,Антипасти,3 500 Т,Astana
Маринованное Филе Анчоуса Medusa 200 гр,Антипасти,3 990 Т,Astana
Le Bonta Песто алла Дженовезе 580 мл,Антипасти,4 300 Т,Astana
Помидоры вяленые alla Pugliese Le Bonta  580 мл,Антипасти,4 800 Т,Astana
Le Bonta Оливки Зеленые сорта Bella di Cerignola 3100 гр 7/9,Антипасти,18 800 Т,Astana
Соус с Базиликом Le Bonta 314 мл,Антипасти,2 900 Т,Astana
Оливки черные и зеленые без косточек Gustose Le Bonta 314 мл,Антипасти,3 500 Т,Astana
Баклажаны на гриле Le Bonta 314 мл,Антипасти,2 800 Т,Astana
Le Bonta Соус Аллараббиата 314 мл,Антипасти,2 900 Т,Astana
Le Bonta Шампиньоны на гриле 314 мл,Антипасти,3 500 Т,Astana
Миндальная паста Alicos 190 гр,Антипасти,3 500 Т,Astana
Alicos Брускетта с помидорами и перцем 190 гр,Антипасти,3 600 Т,Astana
Джем из красного Сицилийского апельсина Alicos 110 гр,Антипасти,2 500 Т,Astana
Plaza Del Sol Оливки целые Гордал 350 гр,Антипасти,2 200 Т,Astana
Plaza Del Sol Оливки с лимоном 280 гр,Антипасти,1 700 Т,Astana
Plaza Del Sol Гаспачо 750 мл,Антипасти,2 490 Т,Astana
Филе сардин Medusa 1000 гр,Антипасти,17 500 Т,Astana
Каперсы в соли Le Bonta 212 мл,Антипасти,2 800 Т,Astana
Plaza Del Sol Оливки с лососем 280 гр,Антипасти,1 700 Т,Astana
Джем грушевый Le Bonta 314 мл,Антипасти,3 000 Т,Astana
Plaza Del Sol Оливки с анчоусами 280 гр,Антипасти,1 700 Т,Astana
Casa Marrazzo Целые очищенные помидоры Сан Марцано с базиликом 2560 гр,Антипасти,6 890 Т,Astana
"Перец Черри с сыром, Le Bonta, 1700 мл.",Антипасти,16 500 Т,Astana
Оливки зеленые сорта Bella di Cerignola Le Bonta  3100 гр Экстра,Антипасти,18 800 Т,Astana
Plaza Del Sol Оливки с апельсином 280 гр,Антипасти,1 700 Т,Astana
"Джем из Сицилийского Лимона, 110 гр",Антипасти,2 500 Т,Astana
Брускетта Микс с Вялеными Помидорами Alicos,Антипасти,3 600 Т,Astana
Plaza Del Sol Оливки с тунцом 280 гр,Антипасти,1 700 Т,Astana
Джем из Красного сицилийского апельсина 220 гр,Антипасти,3 500 Т,Astana
Plaza Del Sol Оливки с перцем чили 280 гр,Антипасти,1 700 Т,Astana
Plaza Del Sol Оливки с ветчиной 280 гр,Антипасти,1 700 Т,Astana
Plaza Del Sol Оливки с чоризо 280 гр,Антипасти,1 700 Т,Astana
Маслины без косточек Saporite Le Bonta 3100 мл,Антипасти,18 800 Т,Astana
Le Bonta Брускетта с черными оливками 212 мл,Антипасти,2 700 Т,Astana
Plaza Del Sol Оливки целые Арбекина 350 гр,Антипасти,2 200 Т,Astana
Le Bonta Брускетта с вялеными помидорами 212 мл,Антипасти,2 700 Т,Astana
Plaza Del Sol Перец зеленый чили маринованный 300 гр,Антипасти,2 200 Т,Astana
Plaza Del Sol Оливки с перцем 280 гр,Антипасти,1 700 Т,Astana
Le Bonta Брускетта пикантная 212 мл,Антипасти,2 700 Т,Astana
Plaza Del Sol Бандерилья классическая 350 гр,Антипасти,1 700 Т,Astana
Plaza Del Sol Оливки с чесноком 280 гр,Антипасти,1 700 Т,Astana
Plaza Del Sol Каперсы в уксусе 110 гр,Антипасти,1 300 Т,Astana
Plaza Del Sol Оливки Гордал с перцем 350 гр,Антипасти,2 200 Т,Astana
"Джем из Сицилийского лимона, 220 гр",Антипасти,3 500 Т,Astana
Артишоки со стеблями Alla Romana Le Bonta 3100 мл,Антипасти,24 000 Т,Astana
Alicos  Паштет-тапенад из зеленых оливок 190 гр,Антипасти,3 600 Т,Astana
Помидоры вяленые alla Pugliese 1700 мл,Антипасти,10 800 Т,Astana
Томатный соус с Каперсами и Оливками Alicos 350 гр,Антипасти,2 000 Т,Astana
Plaza Del Sol Огурчики маринованные 350 гр,Антипасти,1 700 Т,Astana
Alicos Паштет-тапенад из цуккини 190 гр,Антипасти,990 Т,Astana
Песто из дикого фенхеля Alicos 190 гр,Антипасти,3 600 Т,Astana
Plaza Del Sol Бандерилья пикантная 350 гр,Антипасти,1 700 Т,Astana
Песто Трапанезе Alicos 190 гр,Антипасти,3 600 Т,Astana
Паста из Чили перца Alicos 190 гр,Антипасти,3 600 Т,Astana
Alicos Паштет-тапенад из черных оливок 190 гр,Антипасти,3 600 Т,Astana
Le Bonta Соус для пасты Alla Puttanesca 314 мл,Антипасти,2 900 Т,Astana
Помидоры полувяленные GiLiegino Le Bonta 314 мл,Антипасти,4 000 Т,Astana
Alicos Соус Сицилийская Капоната 190 гр,Антипасти,3 600 Т,Astana
Alicos Соус Песто по Сицилийски 190 гр,Антипасти,3 600 Т,Astana
Alicos Соус Пассата с помидорами черри 330 гр,Антипасти,2 000 Т,Astana
Plaza Del Sol Андалузский коктейль (оливки микс и маринованные огурчики) 350 гр,Антипасти,1 700 Т,Astana
Лук на Гриле Borettane Le Bonta 314 мл,Антипасти,3 500 Т,Astana
Маслины и Оливки Gustose Le Bontà mix 3100 мл,Антипасти,18 800 Т,Astana
Le Bonta Брускетта из артишоков 212 мл,Антипасти,2 700 Т,Astana
Alicos Соус Ортолана 350 гр,Антипасти,2 000 Т,Astana
Артишоки четвертинки Paesana Le Bonta 3100 мл.,Антипасти,20 000 Т,Astana
Артишоки со стеблями на гриле  Alla Romana Le Bonta 3100 мл,Антипасти,24 000 Т,Astana
Le Bonta Брускетта Del Casale 212 мл,Антипасти,2 700 Т,Astana
Le Bonta Артишоки четвертинка Paesana 314 мл,Антипасти,4 800 Т,Astana
Alicos Песто Фисташковый 180 гр,Антипасти,5 000 Т,Astana
Alicos Песто Фисташковый 40 гр,Антипасти,1 500 Т,Astana
Лук на гриле с Бальзамическим уксусом Le Bonta 314 мл,Антипасти,3 500 Т,Astana
"Перец Черри фаршированный с Тунцом и Каперсами, Le Bonta 1700 мл.",Антипасти,16 500 Т,Astana
Le Bonta Брускетта Del Casale 580 мл,Антипасти,5 500 Т,Astana
Соус пепероната Alicos 190 гр,Антипасти,3 000 Т,Astana
Alicos  Песто Фисташковый 90 гр,Антипасти,3 000 Т,Astana
Plaza Del Sol Нут вареный 540 гр,Антипасти,1 700 Т,Astana
Alicos  Миндальная паста 90 гр,Антипасти,2 600 Т,Astana
Le Bonta Брускетта из артишоков 580 мл,Антипасти,5 500 Т,Astana
Le Bonta Брускетта из перца 212 мл,Антипасти,2 700 Т,Astana
Паста из Сладкого перца Alicos 190 гр,Антипасти,3 600 Т,Astana
Casa Marrazzo Целые очищенные помидоры Сан Марцано с базиликом 800 гр,Антипасти,5 300 Т,Astana
Plaza Del Sol Лук маринованный 350 гр,Антипасти,1 700 Т,Astana
Оливки измельченные Del Casale Le Bonta 3100 мл,Антипасти,18 800 Т,Astana
Casa Marrazzo Соус пассата из желтых помидоров 2600 гр,Антипасти,4 500 Т,Astana
Alicos Соус сальса с помидорами черри и финиковыми помидорами 330 гр,Антипасти,2 000 Т,Astana
Alicos  Паста из артишоков 190 гр,Антипасти,990 Т,Astana
Alicos Песто Капулиато пикантная из вяленых помидор 190 гр,Антипасти,3 600 Т,Astana
Le Bonta Соус для пасты с овощами 314 мл,Антипасти,2 900 Т,Astana
Plaza Del Sol Перец Пикильо целиком 290 гр,Антипасти,2 200 Т,Astana
Alicos Соус из помидоров черри и перца 330 гр,Антипасти,2 000 Т,Astana
Перец на гриле в масле Le Bonta 1700 мл,Антипасти,10 800 Т,Astana
Plaza Del Sol Перец Пикильо нарезанный 280 гр,Антипасти,2 200 Т,Astana
Alicos Соус Пассата с помидорами черри 660 гр,Антипасти,2 500 Т,Astana
Plaza Del Sol Перец Пикильо с тунцом 225 гр,Антипасти,3 500 Т,Astana
Le Bonta Артишоки сердцевина в рассоле ж/б 2650 мл,Антипасти,12 800 Т,Astana
Артишоки со стеблями alla PugLiese ж/б Le Bonta  2650 мл,Антипасти,16 800 Т,Astana
Alicos  Артишоки Нонна Пеппа-банка 190 гр,Антипасти,3 600 Т,Astana
Le Bonta  Каперсы в уксусе 1700 мл,Антипасти,10 800 Т,Astana
Casa Marrazzo Соус из томатов Черри Пьенноло Дель Везувио 1000 гр,Антипасти,7 500 Т,Astana
Шампиньоны на гриле Le Bonta 1700 мл,Антипасти,16 800 Т,Astana
Le Bonta Артишок сердцевина Rustici  314 мл,Антипасти,4 800 Т,Astana
Plaza Del Sol Фасоль сливочная вареная 540 гр,Антипасти,1 700 Т,Astana
Medusa салат из морепродуктов 200 гр,Антипасти,3 990 Т,Astana
Casa Marrazzo Артишоки со стеблями на гриле в масле 750 гр,Антипасти,7 000 Т,Astana
Casa Marrazzo Баклажаны на гриле в масле 1000 гр,Антипасти,5 800 Т,Astana
Casa Marrazzo Перец на гриле 800 гр,Антипасти,5 400 Т,Astana
Грибной микс Le Bonta 3100 мл,Антипасти,21 000 Т,Astana
Чеснок маринованный с зеленью Le Bonta 1062 мл,Антипасти,7 800 Т,Astana
Артишок на гриле сердцевина Le Bonta  3100 мл,Антипасти,28 500 Т,Astana
Le Bonta Артишоки сердцевина 3100 мл,Антипасти,24 000 Т,Astana
Plaza Del Sol Фасоль белая вареная 540 гр,Антипасти,1 700 Т,Astana
Помидоры полувяленые Ciliegino Le Bonta 1700 мл,Антипасти,18 800 Т,Astana
Антипасто Рустико в масле Le Bonta 3100 мл,Антипасти,18 500 Т,Astana
Casa Marrazzo Крем из Брокколи Априлатико 300 гр,Антипасти,7 500 Т,Astana
Casa Marrazzo Эскарол с каперсами в масле 1000 гр,Антипасти,7 500 Т,Astana
Помидоры вяленые alla Pugliese Le Bonta 3100 мл,Антипасти,18 800 Т,Astana
Le Bonta Кабачки на гриле в масле 314 мл,Антипасти,4 000 Т,Astana
Medusa Сурими с королевскими креветками 1 кг,Антипасти,12 800 Т,Astana
Перец на гриле в масле Le Bonta 3100 мл,Антипасти,18 800 Т,Astana
Артишоки четвертинка в рассоле ж/б Le Bonta 2650 мл,Антипасти,12 800 Т,Astana
Le Bonta Лук на гриле Borettane 1700 мл,Антипасти,10 500 Т,Astana
Le Bonta Лук с бальзамическим уксусом Borettane 1700 мл,Антипасти,10 500 Т,Astana
Casa Marrazzo Цуккини на гриле в масле 750 гр,Антипасти,4 900 Т,Astana
Кокосовое Молоко Aroy-D 400 мл,Бакалея,2 200 Т,Astana
Том Ям Паста Aroy-D  400 гр,Бакалея,3 600 Т,Astana
Спагетти с чернилами каракатицы Le Bonta 500 гр,Бакалея,2 500 Т,Astana
"Caffe Poli Кофе в зернах Arabica 100% 1 кг, Италия",Бакалея,13 500 Т,Astana
Ореховая Заправка Sen Soy 40 гр,Бакалея,590 Т,Astana
Приправа Гималайская и Три вида перца горошек 312 гр мельница Carmencita,Бакалея,4 800 Т,Astana
4 Перца горошком микс Carmencita 145 гр мельница,Бакалея,5 690 Т,Astana
Кокосовое Молоко AROY-D 1L,Бакалея,4 500 Т,Astana
Aroy-D Кокосовое Молоко 250 мл тетра пак,Бакалея,1 700 Т,Astana
Сальса из черного трюфеля Salsa Nero Tartuffi 90 гр,Бакалея,7 500 Т,Astana
Кофе в зернах смесь Arabica 70% и Robusta 30%,Бакалея,13 000 Т,Astana
"Замороженное пюре Манго Ravifruit, Франция, 1 кг",Бакалея,8 500 Т,Astana
Сальса из Черного трюфеля Tartuffi 45 гр,Бакалея,5 800 Т,Astana
Carmencita Приправа Средиземнорский микс 190 гр мельница (216 гр),Бакалея,4 600 Т,Astana
"Замороженное пюре Маракуйя Ravifruit, Франция, 1 кг",Бакалея,8 500 Т,Astana
Сальса из Черного трюфеля Tartuffi 190 гр,Бакалея,9 500 Т,Astana
"Кокосовое Молоко Aroy-D, 500 мл",Бакалея,2 200 Т,Astana
"Бальзамический Крем с Малиной, Giuseppe Giusti, 150 мл.",Бакалея,5 500 Т,Astana
Соус Терияки SEN SOY,Бакалея,2 500 Т,Astana
Бальзамический Крем Соус с Черным Трюфелем 150 мл.,Бакалея,5 500 Т,Astana
"Соль морская с Трюфелем Carmencita, 360 гр",Бакалея,5 500 Т,Astana
Соус Терияки SEN SOY сладкий,Бакалея,2 500 Т,Astana
Цитрусовая заправка SEN SOY,Бакалея,590 Т,Astana
Carmencita Соль морская и Прованские травы 308 г,Бакалея,4 600 Т,Astana
Трюфель черный целый в рассоле Tartuffi 50 гр,Бакалея,9 500 Т,Astana
Бальзамический Крем с Инжиром 150 мл.,Бакалея,5 500 Т,Astana
Соус Хрен-васаби Sen Soy,Бакалея,2 500 Т,Astana
Приправа для паэльи Paellero с шафраном Carmencita 20 гр,Бакалея,1 600 Т,Astana
Carmencita Соль Розовая Гималайская Йодированная 370 гр,Бакалея,3 800 Т,Astana
Бобы соевые зеленые Эдамамэ очищенные 250 гр,Бакалея,1 800 Т,Astana
Ломтики черного трюфеля в рассоле Truffle slices Organic 90 гр,Бакалея,12 500 Т,Astana
MoleCola классик 330 мл,Бакалея,1 100 Т,Astana
Бальзамический Крем с грибами 150 мл.,Бакалея,5 500 Т,Astana
Трюфель Черный целый в рассоле 100 гр,Бакалея,17 500 Т,Astana
Carmencita Приправа Иберийский микс 66 гр мельница,Бакалея,2 500 Т,Astana
Черный перец Горошек 190 гр Carmencita,Бакалея,5 890 Т,Astana
MoleCola классик 750 мл,Бакалея,1 950 Т,Astana
Tartuffi Трюфельная паста соус 90 гр органик,Бакалея,9 800 Т,Astana
"Замороженное пюре Клубника Ravifruit, Франция, 1 кг",Бакалея,8 500 Т,Astana
Carmencita 4 перца горошком микс 40 гр мельница,Бакалея,2 500 Т,Astana
Рисовая Мука AROY-D,Бакалея,1 500 Т,Astana
Carmencita Соль Средиземноморская с шафраном 360 г мельница,Бакалея,5 500 Т,Astana
Приправа для паэльи Valenciana Carmencita 12 гр,Бакалея,1 600 Т,Astana
Приправа для Паэльи Carmencita 65 гр,Бакалея,1 600 Т,Astana
MoleCola без сахара 330 мл,Бакалея,1 100 Т,Astana
"Замороженное пюре Кокос Ravifruit, Франция, 1 кг",Бакалея,8 500 Т,Astana
"Соус Паста Том Ям Aroy-D, 1 кг",Бакалея,7 200 Т,Astana
"Чеснок сушеный измельченный, Carmencita 55 г",Бакалея,750 Т,Astana
"Кокосовое Масло Aroy-D, 180 мл",Бакалея,2 700 Т,Astana
Перец Каенский Чили цельный Carmencita 18 гр,Бакалея,750 Т,Astana
Le Bonta Паста Orecchiette пять вкусов 500 гр,Бакалея,3 000 Т,Astana
Бальзамический Уксус Giuseppe Giusti 250 мл.,Бакалея,7 000 Т,Astana
Смесь специй Чимичурри Carmencita 27 гр,Бакалея,1 100 Т,Astana
Приправа для макарон и пиццы Carmencita 68 г,Бакалея,2 400 Т,Astana
English Tea Черный чай Птичка в мятной упаковке 40 шт,Бакалея,5 500 Т,Astana
Перец Кайенский Чили молотый Carmencita 43 гр,Бакалея,1 100 Т,Astana
Бальзамический уксус Giuseppe Giusti Modena 100 мл.,Бакалея,4 600 Т,Astana
"Замороженное пюре Гуава Ravifruit, Франция, 1 кг",Бакалея,8 800 Т,Astana
Соус Шрирача Uni Eagie 475 gr,Бакалея,3 500 Т,Astana
Le Bonta Паста Orecchiette три цвета 500 гр,Бакалея,3 000 Т,Astana
"Бальзамический Уксус Giuseppe Giusti IGP  3 медали, 100 мл.",Бакалея,9 500 Т,Astana
Tartuffi Измельченный черный трюфель 90 гр,Бакалея,9 500 Т,Astana
Семена Кунжута Carmencita 55 г,Бакалея,750 Т,Astana
"Бальзамический Уксус Giuseppe Giusti ""Quatro Centenfrio"" 4 звезды, 100 мл.",Бакалея,13 500 Т,Astana
Тимьян сушеный Carmencita 22 гр,Бакалея,1 100 Т,Astana
Приправа паприка сладкая Carmencita 75 гр,Бакалея,1 800 Т,Astana
Le Bonta Соус для пасты Alla Puttanesca 314 мл,Бакалея,2 900 Т,Astana
Соль Гималайская с перцем горошком Carmencita 97 г,Бакалея,2 400 Т,Astana
Carmencita Приправа паприка пикантная 75 гр,Бакалея,1 700 Т,Astana
Пюре из красного апельсина Ravifruit 10% сахара 1 кг,Бакалея,8 500 Т,Astana
English Tea Черный чай в кремовой винтажной  упаковке 40 шт,Бакалея,5 500 Т,Astana
"Бальзамический Уксус Giuseppe Giusti IGP  3 медали, куб 250 мл.",Бакалея,14 500 Т,Astana
"Бальзамический Уксус Giuseppe Giusti ""Бианка"", 250 мл.",Бакалея,7 500 Т,Astana
Корица Молотая Carmencita 43 г,Бакалея,1 600 Т,Astana
"Бальзамический Уксус Giuseppe Giusti  2 медали, 250 мл.",Бакалея,9 500 Т,Astana
"Бальзамический Уксус Giuseppe Giusti IGP  3 медали, 250 мл.",Бакалея,13 500 Т,Astana
Соль Средиземноморская с шафраном Carmencita 110 г,Бакалея,2 600 Т,Astana
Alicos Паста Бузиата из пшеницы твердых сортов 500 гр,Бакалея,2 800 Т,Astana
English Tea Черный чай в мятной винтажной  упаковке 40 шт,Бакалея,5 500 Т,Astana
Carmencita Приправа Орегано листовой 12 гр мельница,Бакалея,2 500 Т,Astana
"Кардамон целый, Carmencita 30 г",Бакалея,2 800 Т,Astana
Пюре из лайма Ravifruit 10% сахара 1 кг,Бакалея,8 500 Т,Astana
Barbera Бальзамический уксус Модена  250 мл,Бакалея,2 500 Т,Astana
Plaza Del Sol Соус Алиоли 180 гр,Бакалея,2 600 Т,Astana
English Tea Черный чай Винни Пух упаковка 80  шт,Бакалея,8 000 Т,Astana
Carmencita Приправа Куркума молотая 48 гр,Бакалея,1 500 Т,Astana
Перец Белый горошком Carmencita 55 гр,Бакалея,2 500 Т,Astana
"Carmencita Черный перец горошек и морская соль, мельница 225 г",Бакалея,4 600 Т,Astana
Plaza Del Sol Соус Сальса Брава пикантный 185 гр,Бакалея,1 700 Т,Astana
Pesce Azzurro соус с чернилами каракатицы 200 гр ст/б,Бакалея,6 500 Т,Astana
"Бальзамический Уксус Giuseppe Giusti  2 медали, 100 мл.",Бакалея,6 500 Т,Astana
Эстрагон (Tarragon) сушеный Carmencita,Бакалея,1 600 Т,Astana
"Замороженное пюре Малина Ravifruit, Франция, 1 кг",Бакалея,9 800 Т,Astana
Tartuffi Измельченный черный трюфель 45 гр,Бакалея,6 800 Т,Astana
"Пюре из желтого персика Ravifruit Франция 10% сахара, 1 кг",Бакалея,8 800 Т,Astana
English Tea Черный чай в розовой винтажной упаковке 40 шт,Бакалея,5 500 Т,Astana
English Tea Черный чай Винни Пух упаковка 72 шт,Бакалея,7 500 Т,Astana
Le Bonta Паста Лингвини со вкусом грибов 250 гр,Бакалея,3 000 Т,Astana
English Tea Черный чай в мятной винтажной  упаковке 80 шт,Бакалея,8 000 Т,Astana
English Tea Черный чай в розовой винтажной упаковке 80 шт,Бакалея,8 000 Т,Astana
English Tea Черный чай в кремовой винтажной  упаковке 80 шт,Бакалея,8 000 Т,Astana
Barbera Бальзамический белый винный уксус 250 мл,Бакалея,2 500 Т,Astana
Barbera Бальзамический красный винный уксус 250 мл,Бакалея,2 500 Т,Astana
Набор черный перец горошек  Carmencita 35 гр,Бакалея,1 490 Т,Astana
Carmencita Соль Средиземноморская с горчицей и перцем 99 г,Бакалея,2 400 Т,Astana
English Tea Черный чай в зеленой винтажной упаковке 40 шт,Бакалея,5 500 Т,Astana
English Tea Черный чай в мятной винтажной  упаковке 72 шт,Бакалея,7 500 Т,Astana
Carmencita Перец зеленый 30 гр мельница,Бакалея,2 400 Т,Astana
Соль Гималайская черная 100 г мельница Carmencita,Бакалея,2 400 Т,Astana
Шафрановый порошок в саше Carmencita,Бакалея,2 400 Т,Astana
Aroy-D Соус Чили сладкий для курицы 350 г ст/б,Бакалея,2 200 Т,Astana
English Tea Черный чай Кролик Питер упаковка 80 шт,Бакалея,8 000 Т,Astana
"Бальзамический Уксус Giuseppe Giusti ""Quatro Centenfrio"" IGP, 250 мл.",Бакалея,20 000 Т,Astana
Пюре из мандарина Ravifruit 10% сахара 1 кг,Бакалея,8 500 Т,Astana
Бальзамический Уксус Giuseppe Giusti 250 мл. (куб),Бакалея,9 500 Т,Astana
Семена Тмина Carmencita 42 гр,Бакалея,2 500 Т,Astana
Семена Тмина молотые Carmencita 47 гр,Бакалея,1 500 Т,Astana
Приправа для овощного карри Carmencita 68 г,Бакалея,2 400 Т,Astana
Tartuffi Ломтики черного трюфеля в рассоле 45 гр,Бакалея,7 500 Т,Astana
Carmencita Корица цейлонская палочки 80 гр,Бакалея,4 600 Т,Astana
Le Bonta Паста Лингвини со вкусом апельсина 250 гр,Бакалея,3 000 Т,Astana
Umami Итальянский Бальзамический Уксус Гранатовый 250 мл,Бакалея,5 590 Т,Astana
Carmencita Корица цейлонская палочки 170 гр,Бакалея,8 600 Т,Astana
Tartuffi Тальяттеле с белым трюфелем 250 гр,Бакалея,4 200 Т,Astana
Le Bonta Соус для пасты с овощами 314 мл,Бакалея,2 900 Т,Astana
Carmencita Корица цейлонская 5 палочек,Бакалея,1 600 Т,Astana
"Замороженное пюре Ревеня Ravifruit, Франция, 1 кг",Бакалея,8 800 Т,Astana
Esoro Маракуйя мякоть с косточкой 1 кг,Бакалея,5 000 Т,Astana
Resfood Соус Лемонграсс CTM Chang 285 гр,Бакалея,2 300 Т,Astana
Tartuffi Странгоцци с трюфелем 250 гр,Бакалея,4 200 Т,Astana
English Tea Черный чай Кролик Питер упаковка 240 шт,Бакалея,13 800 Т,Astana
English Tea Черный чай Beatrix Potter упаковка 80 шт,Бакалея,8 000 Т,Astana
"Carmencita Перец Черный горошек и морская соль, мельница 65 г",Бакалея,2 400 Т,Astana
Tartuffi Ломтики черного трюфеля в рассоле 90 гр,Бакалея,13 500 Т,Astana
English Tea Черный чай Beatrix Potter упаковка 240 шт,Бакалея,13 800 Т,Astana
Umami Итальянский Бальзамический Уксус с Томатами 250 мл,Бакалея,5 590 Т,Astana
Umami Итальянский Хумус с Черным Чесноком 130 гр,Бакалея,4 990 Т,Astana
Соус Табаско 59 мл,Бакалея,2 800 Т,Astana
Tartuffi Рис Карнароли с трюфелем 350 гр,Бакалея,5 500 Т,Astana
Plaza Del Sol Соус томатный по-домашнему FRITO 290 гр,Бакалея,2 200 Т,Astana
English Tea Черный чай Винни Пух упаковка 240 шт,Бакалея,13 800 Т,Astana
"Замороженное пюре Черная смородина Ravifruit, 1 кг",Бакалея,8 500 Т,Astana
Carmencita Сахарозаменитель 60 саше,Бакалея,1 200 Т,Astana
English Tea Черный чай Птичка в мятной упаковке 240 шт,Бакалея,13 800 Т,Astana
English Tea Черный чай в мятной винтажной  упаковке 240 шт,Бакалея,13 800 Т,Astana
English Tea Черный чай в зеленой винтажной упаковке 240 шт,Бакалея,13 800 Т,Astana
English Tea Черный чай в красной винтажной  упаковке 40 шт,Бакалея,5 500 Т,Astana
English Tea Черный чай Птичка в синей упаковке 40 шт,Бакалея,5 500 Т,Astana
Пюре из абрикоса Ravifruit Франция 10% сахара 1 кг,Бакалея,8 000 Т,Astana
Le Bonta Паста Лингвини со вкусом лимона 250 гр,Бакалея,3 000 Т,Astana
English Tea Черный чай в голубой винтажной  упаковке 240 шт,Бакалея,13 800 Т,Astana
Umami Итальянский Кремовый Соус из Черного Чеснока 90 гр,Бакалея,5 990 Т,Astana
English Tea Черный чай в красной винтажной  упаковке 80 шт,Бакалея,8 000 Т,Astana
English Tea Черный чай Ландыш в винтажной упаковке 40 шт,Бакалея,5 500 Т,Astana
Carmencita Приправа Семена Тмина 42 гр мельница Цельное зерно,Бакалея,1 500 Т,Astana
Уксус красный Pearl River Bridge 500 мл,Бакалея,500 Т,Astana
Грибы сушеные Шиитаке Namura 250 гр,Бакалея,2 800 Т,Astana
English Tea Черный чай в кремовой винтажной  упаковке 240 шт,Бакалея,13 800 Т,Astana
English Tea Черный чай Птичка в голубой упаковке 240 шт,Бакалея,13 800 Т,Astana
English Tea Черный чай в красной винтажной  упаковке 240 шт,Бакалея,13 800 Т,Astana
Umami Итальянский Черный Чеснок Зубчики 35 гр,Бакалея,4 390 Т,Astana
English Tea Черный чай Птичка в розовой упаковке 40 шт,Бакалея,5 500 Т,Astana
Carmencita Ваниль стручки 10 шт,Бакалея,22 000 Т,Astana
Устричный соус высшей категории 148 гр,Бакалея,1 300 Т,Astana
Umami Итальянский Кетчуп с Черным Чесноком 130 гр,Бакалея,4 990 Т,Astana
Umami Итальянский Кремовый Соус из Черного Чеснока 190 гр,Бакалея,10 590 Т,Astana
Umami Итальянский Черный Чеснок Целый 60 гр,Бакалея,4 890 Т,Astana
English Tea Черный чай Harry Potter упаковка 240 шт,Бакалея,13 800 Т,Astana
English Tea Черный чай Harry Potter упаковка 80 шт,Бакалея,8 000 Т,Astana
English Tea Черный чай Union Jack упаковка 100 шт,Бакалея,8 900 Т,Astana
English Tea Черный чай Union Jack упаковка 40 шт,Бакалея,5 500 Т,Astana
English Tea Черный чай в темно зеленой винтажной упаковке 80 шт,Бакалея,8 000 Т,Astana
Carmencita Соль Средиземноморская Йодированная 360 гр,Бакалея,3 500 Т,Astana
СэнСой папричи-соус столовый остро-сладкий 320 гр,Бакалея,1 990 Т,Astana
Сэнсой Соус Тонкацу 350 г,Бакалея,2 500 Т,Astana
Umami Итальянский Черный Чеснок Целый 180 гр,Бакалея,12 800 Т,Astana
English Tea Черный чай без кофеина в голубой винтажной  упаковке 80 шт,Бакалея,8 000 Т,Astana
English Tea Черный чай в лиловой винтажной  упаковке 240 шт,Бакалея,13 800 Т,Astana
English Tea Черный чай в лиловой винтажной  упаковке 80 шт,Бакалея,8 000 Т,Astana
English Tea Черный чай в розовой винтажной  упаковке 240 шт,Бакалея,13 800 Т,Astana
English Tea Черный чай в фиолетовой винтажной  упаковке 240 шт,Бакалея,13 800 Т,Astana
"Джем инжирный Le Bonta, 314 мл","Снэки, сладости",3 500 Т,Astana
Миндальная паста Alicos 190 гр,"Снэки, сладости",3 500 Т,Astana
Bonne Maman Джем клубничный 370 мл,"Снэки, сладости",2 600 Т,Astana
Bonne Maman Джем абрикосовый 370 мл,"Снэки, сладости",2 600 Т,Astana
Bonne Maman Паста арахисовая 325 мл,"Снэки, сладости",2 600 Т,Astana
Джем из красного Сицилийского апельсина Alicos 110 гр,"Снэки, сладости",2 500 Т,Astana
Bonne Maman Джем черничный 370 мл,"Снэки, сладости",2 600 Т,Astana
Bonne Maman Мармелад апельсиновый 370 мл,"Снэки, сладости",2 600 Т,Astana
Plaza Del Sol Картофельные чипсы с черным трюфелем 115 гр,"Снэки, сладости",1 600 Т,Astana
Bonne Maman Паста шоколадная с фундуком 250 гр,"Снэки, сладости",2 600 Т,Astana
Картофельные Чипсы Белый трюфель 150 гр,"Снэки, сладости",4 500 Т,Astana
Bonne Maman Джем малиновый 370 мл,"Снэки, сладости",2 600 Т,Astana
Картофельные чипсы с Чили перцем ж/б 40 гр,"Снэки, сладости",1 200 Т,Astana
Plaza Del Sol Картофельные чипсы с сыром 115 гр,"Снэки, сладости",1 600 Т,Astana
Plaza Del Sol Картофельные чипсы с хамоном 115 гр,"Снэки, сладости",1 600 Т,Astana
Джем грушевый Le Bonta 314 мл,"Снэки, сладости",3 000 Т,Astana
Deseo Кантучини Тосканские с миндалем 250 гр,"Снэки, сладости",3 900 Т,Astana
"Джем из Сицилийского Лимона, 110 гр","Снэки, сладости",2 500 Т,Astana
Картофельные Чипсы Белый Трюфель и Белый Гриб 150 гр,"Снэки, сладости",4 500 Т,Astana
Bonne Maman Джем фруктовое ассорти 370 мл,"Снэки, сладости",2 600 Т,Astana
Джем из Красного сицилийского апельсина 220 гр,"Снэки, сладости",3 500 Т,Astana
Deseo Кантучини апельсин в глазури 180 гр,"Снэки, сладости",3 600 Т,Astana
Кантучини Тосканские с Миндалем Deseo 180 гр,"Снэки, сладости",3 600 Т,Astana
Кантучини Фисташки и Шоколад Deseo 180 гр,"Снэки, сладости",3 600 Т,Astana
Картофельные Чипсы Белый Трюфель и Белый Гриб 125 гр,"Снэки, сладости",3 000 Т,Astana
Картофельные чипсы с Морской солью и Бальзамиком ж/б 40 гр,"Снэки, сладости",1 200 Т,Astana
Plaza Del Sol Крутоны с помидорами и орегано 150 гр,"Снэки, сладости",1 200 Т,Astana
Печенье деревенское из цельнозерновой муки Deseo 300 гр,"Снэки, сладости",3 800 Т,Astana
Deseo Печенье песочное на слив. масле классическое 160 гр,"Снэки, сладости",3 600 Т,Astana
Deseo Кантучини шоколад-фундук 250 гр,"Снэки, сладости",3 900 Т,Astana
Deseo Печенье песочное на слив. масле и кусочком темного шоколада 160 гр,"Снэки, сладости",3 600 Т,Astana
Кантучини с Шоколадом и Фундуком Deseo 180 гр,"Снэки, сладости",3 600 Т,Astana
Печенье Biscotti кокосовое Deseo 115 гр,"Снэки, сладости",3 600 Т,Astana
Hunters Gourmet Гороховые чипсы 50 гр,"Снэки, сладости",2 200 Т,Astana
Deseo Печенье песочное на слив. масле перец чили изюм и кедровые орехи 160 гр,"Снэки, сладости",3 600 Т,Astana
Hunters Gourmet Картофельные чипсы Фуа-гра 150 гр,"Снэки, сладости",2 990 Т,Astana
Plaza Del Sol Картофельные чипсы FERIA 130 гр,"Снэки, сладости",1 600 Т,Astana
Plaza Del Sol Картофельные чипсы TAPAS 140 гр,"Снэки, сладости",1 600 Т,Astana
"Джем из Сицилийского лимона, 220 гр","Снэки, сладости",3 500 Т,Astana
Hunters Gourmet Картофельные чипсы Четыре сыра 125 гр,"Снэки, сладости",3 000 Т,Astana
Deseo Печенье песочное на слив. масле с ароматом розы 160 гр,"Снэки, сладости",3 600 Т,Astana
Plaza Del Sol Крутоны с чесноком и петрушкой 150 гр,"Снэки, сладости",1 200 Т,Astana
Печенье Biscotti хрустящее лимонное Deseo 115 гр,"Снэки, сладости",3 600 Т,Astana
Deseo Печенье хрустящее с какао и апельсином 115 гр,"Снэки, сладости",3 600 Т,Astana
Чипсы из Киноа с солью и бальзамиком 75 гр,"Снэки, сладости",1 700 Т,Astana
Plaza Del Sol Крутоны с луком 150 гр,"Снэки, сладости",1 200 Т,Astana
Plaza Del Sol Коктейль Локомикс (смесь орехов и изюма) 175 гр,"Снэки, сладости",1 800 Т,Astana
Bonne Maman Джем клубничный 30 мл,"Снэки, сладости",450 Т,Astana
Печенье деревенское  из Цельнозерновой муки с Какао Deseo 300 гр,"Снэки, сладости",3 800 Т,Astana
Deseo Печенье на оливковом масле с сыром пармезан 80 гр,"Снэки, сладости",2 800 Т,Astana
Топпинг Соус Соленая Карамель Scuyavuru 500 гр,"Снэки, сладости",5 800 Т,Astana
Plaza Del Sol Миндаль очищенный 150 гр,"Снэки, сладости",1 590 Т,Astana
Hunters Gourmet Картофельные чипсы Песто Пармезан 125 гр,"Снэки, сладости",3 000 Т,Astana
Печенье на оливковом масле Какао и Фисташки Deseo 200 гр,"Снэки, сладости",3 800 Т,Astana
Bonne Maman Джем черничный 30 мл,"Снэки, сладости",450 Т,Astana
Deseo Кантучини апельсин 250 гр,"Снэки, сладости",3 900 Т,Astana
Plaza Del Sol Миндаль жареный 150 гр,"Снэки, сладости",1 590 Т,Astana
Bonne Maman Мармелад апельсиновый 30 мл,"Снэки, сладости",450 Т,Astana
Кантучини на оливковом масле с миндалем Deseo 200 гр,"Снэки, сладости",3 600 Т,Astana
Deseo Печенье на оливковом масле с трюфелем 70 гр,"Снэки, сладости",2 800 Т,Astana
Plaza Del Sol Батончик мягкий с миндалем и медом 150 гр,"Снэки, сладости",2 500 Т,Astana
Alicos Конфитюр из Индийского инжира 220 гр,"Снэки, сладости",3 500 Т,Astana
Plaza Del Sol Батончик хрустящий с миндалем и медом 150 гр,"Снэки, сладости",2 500 Т,Astana
Alicos Джем из Сицилийского мандарина 220 гр,"Снэки, сладости",3 500 Т,Astana
Plaza Del Sol Кукурузные орешки 175 гр,"Снэки, сладости",1 200 Т,Astana
Plaza Del Sol Кейк миндально-медовый 150 гр,"Снэки, сладости",2 800 Т,Astana
Deseo Печенье деревенское из муки 300 гр,"Снэки, сладости",3 800 Т,Astana
Джем Вишневый Органический Scuyavuru 250 гр,"Снэки, сладости",2 800 Т,Astana
Мармелад Апельсиновый Scuyavuru 250 гр,"Снэки, сладости",2 800 Т,Astana
Крем Арахисовый соленый Scuyavuru 200 гр,"Снэки, сладости",1 990 Т,Astana
Крем Капучино Scuyavuru 200 гр,"Снэки, сладости",2 800 Т,Astana
Мармелад Лимонный Scuyavuru 250 гр,"Снэки, сладости",2 800 Т,Astana
Alicos Джем из Сицилийского мандарина 110 гр,"Снэки, сладости",2 500 Т,Astana
Deseo Печенье на оливковом масле с томатами и орегано 80 гр,"Снэки, сладости",2 500 Т,Astana
Джем Грушевый Scuyavuru 250 гр,"Снэки, сладости",2 800 Т,Astana
Джем Апельсиновый Органический Scuyavuru 250 гр,"Снэки, сладости",2 800 Т,Astana
Топпинг Сироп Шоколадный Scuyavuru 600 гр,"Снэки, сладости",3 800 Т,Astana
Deseo Печенье на оливковом масле с песто Genovese 80 гр,"Снэки, сладости",2 500 Т,Astana
Джем из Белого Персика Scuyavuru 250 гр,"Снэки, сладости",2 800 Т,Astana
Джем Клубничный Органический Scuyavuru 250 гр,"Снэки, сладости",2 800 Т,Astana
Deseo Кантучини фисташка 180 гр,"Снэки, сладости",3 600 Т,Astana
Джем Клубничный Scuyavuru 250 гр,"Снэки, сладости",2 800 Т,Astana
Джем Черной Смородины Органический Scuyavuru 250 гр,"Снэки, сладости",2 800 Т,Astana
Bonne Maman Паста шоколадная с фундуком 25 гр,"Снэки, сладости",450 Т,Astana
Джем Персиковый Органический Scuyavuru 250 гр,"Снэки, сладости",2 800 Т,Astana
Deseo Кантучини темный шоколад 180 гр,"Снэки, сладости",3 600 Т,Astana
Scuyavuru Джем Абрикосовый Органический 250 гр,"Снэки, сладости",2 800 Т,Astana
Мармелад Мандариновый Scuyavuru 250 гр,"Снэки, сладости",2 800 Т,Astana
Кленовый сироп Uncle Luke 375 мл,"Снэки, сладости",14 200 Т,Astana
Кленовый сироп кленовый лист 250 мл,"Снэки, сладости",16 800 Т,Astana
Кленовый сироп темный 250 мл,"Снэки, сладости",15 800 Т,Astana
Hunters Gourmet Бретцель с Морской солью 180 гр,"Снэки, сладости",2 500 Т,Astana
Hunters Gourmet Киноа белая Органик 300 гр,"Снэки, сладости",3 800 Т,Astana
Hunters Gourmet Мака порошок Органик 150 гр,"Снэки, сладости",2 990 Т,Astana
Hunters Gourmet Семена чиа Органик 300 гр,"Снэки, сладости",4 000 Т,Astana
Джем Абрикосовый Scuyavuru 250 гр,"Снэки, сладости",2 800 Т,Astana
Джем Лимонный Органический Scuyavuru 250 гр,"Снэки, сладости",2 800 Т,Astana
Кленовый сироп Uncle Luke 250 мл,"Снэки, сладости",12 800 Т,Astana
Кленовый сироп 250 мл,"Снэки, сладости",12 800 Т,Astana
Hunters Gourmet Ростки пшеницы порошок (wheat grass) Органик 250гр,"Снэки, сладости",6 800 Т,Astana
Джем Ежевичный Органический Scuyavuru 250 гр,"Снэки, сладости",2 800 Т,Astana
Кленовый сироп Uncle Luke в кувшине 1 л,"Снэки, сладости",22 800 Т,Astana
Кленовый сироп кленовый лист 50 мл,"Снэки, сладости",11 100 Т,Astana
Кленовый сироп кленовый лист 100 мл,"Снэки, сладости",15 800 Т,Astana
Кленовый сироп в кувшине 500 мл,"Снэки, сладости",18 900 Т,Astana
Оливковое Масло Barbera Oro Del Cuoco 1 л,Масло,9 800 Т,Astana
Оливковое Масло Barbera Non Filtrato уп. 1л,Масло,10 800 Т,Astana
Масло Оливковое Barbera Filtrato 1литр,Масло,10 800 Т,Astana
Масло Оливковое BARBERA Selezione Unica 750 мл.,Масло,8 800 Т,Astana
"Оливковое Масло Lorenzo #5, бутылка 500 мл",Масло,12 800 Т,Astana
Оливковое Масло Barbera Selezione Unica 1 литр,Масло,9 800 Т,Astana
"Оливковое Масло Lorenzo #1, бутылка 500 мл",Масло,12 800 Т,Astana
"Оливковое Масло Lorenzo #3, бутылка 500 мл",Масло,12 800 Т,Astana
Barbera Масло оливковое с белым трюфелем 250 мл,Масло,4 800 Т,Astana
Barbera Масло оливковое Mediterraneo extra virgin 750 мл,Масло,6 990 Т,Astana
Barbera Масло оливковое Mediterraneo extra virgin 1000 мл,Масло,9 800 Т,Astana
Barbera Масло оливковое с цитрусами Сицилии 250 мл,Масло,4 800 Т,Astana
Оливковое масло Harmony Hualdo ж/б 3 л,Масло,32 000 Т,Astana
Barbera Масло оливковое NON FILTRATO (нефильтр) 750 мл,Масло,8 800 Т,Astana
Barbera Масло оливковое с черным трюфелем 250 мл,Масло,4 800 Т,Astana
Масло оливковое OLIA Barbera 500 мл,Масло,11 500 Т,Astana
Оливковое масло Sensation Hualdo ж/б 3 л,Масло,32 000 Т,Astana
Barbera Масло оливковое FILTRATO (фильтрованное) 750 мл,Масло,8 800 Т,Astana
Barbera Масло оливковое с ароматическими травами 250 мл,Масло,4 800 Т,Astana
Barbera Масло оливковое CONTADINO 1л,Масло,13 500 Т,Astana
Масло оливковое Frantoia со вкусом базилика 250 мл,Масло,4 800 Т,Astana
Оливковое масло Hualdo Cornicabra 500 мл,Масло,6 800 Т,Astana
Оливковое масло Hualdo Arbequina 500 ml,Масло,6 800 Т,Astana
Оливковое масло Hualdo Manzanilla 500 ml,Масло,6 800 Т,Astana
Barbera Масло оливковое CONTADINO 500 мл,Масло,8 500 Т,Astana
Масло оливковое Frantoia со вкусом мандарина 250 мл,Масло,4 800 Т,Astana
Масло оливковое Frantoia со вкусом апельсина 250 мл,Масло,4 800 Т,Astana
Barbera Масло оливковое с перцем и чесноком 250 мл,Масло,4 800 Т,Astana
Оливковое Масло BARBERA Selezione Unica 250 мл,Масло,4 800 Т,Astana
"Оливковое Масло Casitas De Hualdo, 250 мл",Масло,4 800 Т,Astana
Масло оливковое Frantoia со вкусом лимона 250 мл,Масло,4 800 Т,Astana
Оливковое масло Hualdo Picual 500 ml,Масло,7 800 Т,Astana
Масло оливковое PARTIDA REAL(партида реал) Hualdo  500 мл,Масло,6 800 Т,Astana
"Кокосовое Масло Aroy-D, 180 мл",Масло,2 700 Т,Astana
Масло оливковое Frantoia со вкусом Шалфея 250 мл,Масло,4 800 Т,Astana
Оливковое Масло Hualdo Cornicabra 250 мл,Масло,4 800 Т,Astana
Оливковое Масло Hualdo Picual 250 мл,Масло,4 800 Т,Astana
Оливковое масло Hualdo Arbequina 250 мл,Масло,4 800 Т,Astana
Muraglia Масло оливковое в керам/б Осьминог 500 мл,Масло,17 800 Т,Astana
Оливковое Масло Hualdo Manzanilla 250 мл,Масло,4 800 Т,Astana
Muraglia Масло оливковое в керам/б Омар 500 мл,Масло,17 800 Т,Astana
Muraglia Масло оливковое в ж/б Радужная 250 мл,Масло,4 500 Т,Astana
Muraglia Масло оливковое в керам/б Кактус  500 мл,Масло,17 800 Т,Astana
Muraglia Масло оливковое в керам/б Радужная 500 мл,Масло,17 800 Т,Astana
Muraglia Масло оливковое Сардины в керам/б 500 мл,Масло,17 800 Т,Astana
Barbera Масло оливковое FILTRATO (фильтрованное) 750 мл KF,Масло,9 500 Т,Astana
Barbera Масло оливковое NON FILTRATO (нефильтр) 750 мл KF,Масло,8 800 Т,Astana
Сыр творожный «Профичиз» 200 гр,Сыры,1 500 Т,Astana
Vega Mancha Сыр Манчего выдержанный с белым трюфелем кусковой 150 гр +/-,Сыры,30 000 Т,Astana
Сыр Манчего 2-3 месяца Vega Mancha кусковой ±150 гр,Сыры,29 800 Т,Astana
Vega Mancha  Semicurado Сыр Манчего 2-3 месяца кусковой 150 гр,Сыры,29 800 Т,Astana
"Ghidetti Сыр Parmigiano Dop 18 мес, кусковой",Сыры,22 000 Т,Astana
Vega Mancha Сыр Манчего выдержанный Diablo кусковой 200 гр,Сыры,29 800 Т,Astana
"Luigi Guffanti Буонасорте сыр твердый,24 месяца кусковой ±300 гр",Сыры,24 500 Т,Astana
Vega Mancha Сыр Манчего выдержанный с белыми грибами кусковой 200 гр,Сыры,29 800 Т,Astana
Сыр творожный Cremette 200 гр,Сыры,1 000 Т,Astana
"Ghidetti Сыр Grana Padano Dop 10-12 мес, кусковой",Сыры,25 000 Т,Astana
Ghidetti Сыр Рикотта 295 гр,Сыры,2 800 Т,Astana
Ghidetti Сыр Проволоне с орегано 200 гр,Сыры,3 800 Т,Astana
"Ghidetti Сыр Маскарпоне 42%, 250 гр",Сыры,3 000 Т,Astana
Ghidetti Сыр Проволоне Валпадана Дольче 200 гр,Сыры,3 800 Т,Astana
Сыр творожный Профичиз 70% Хорека 2 кг,Сыры,8 800 Т,Astana
"Vega Mancha Сыр Манчего выдержанный с белым трюфелем круг 3,4 кг +/-",Сыры,24 990 Т,Astana
"Luigi Guffanti Буонасорте сыр твердый на буйволином молоке, 24 месяца кусковой ±300 гр",Сыры,35 500 Т,Astana
Ghidetti Сыр Проволоне Дольче 200 гр,Сыры,3 800 Т,Astana
Ghidetti Сыр Проволоне Валпадана Пикантный 200 гр,Сыры,3 800 Т,Astana
"Luigi Guffanti Горгонзола Дольче сыр мягкий, кусковой 250-300 гр.",Сыры,23 500 Т,Astana
"Luigi Guffanti Пьяве Веччо сыр полутвердый, кусковой 250-300 гр",Сыры,28 500 Т,Astana
"Luigi Guffanti Пьяве Меззано сыр полутвердый, кусковой 250-300 гр",Сыры,26 800 Т,Astana
"Luigi Guffanti Пьяве Оро сыр полутвердый, кусковой 250-300 гр",Сыры,29 900 Т,Astana
"Ghidetti Сыр Grana Padano Dop 10-12 мес, 1 кг",Сыры,17 500 Т,Astana
"Сыр Манчего полувыдержанный 2-3 месяца Vega Mancha круг 3,4 кг",Сыры,25 990 Т,Astana
Ghidetti Сыр твердый Gran Guardia 1 кг,Сыры,14 500 Т,Astana
"Luigi Guffanti Пьяве Веччо сыр полутвердый, круг 6.5 кг",Сыры,27 500 Т,Astana
"Luigi Guffanti Пьяве Оро сыр полутвердый, круг 6.5 кг",Сыры,28 900 Т,Astana
